﻿{"cameraMode":{"drawMode":0,"name":"Shaded","section":"Shading Mode"},"sceneLighting":true,"audioPlay":false,"sceneViewState":{"showFog":true,"showMaterialUpdate":false,"showSkybox":true,"showFlares":true,"showImageEffects":true,"showParticleSystems":true},"in2DMode":false,"pivot":{"x":-1.4386372566223145,"y":2.472247362136841,"z":2.812743902206421},"rotation":{"x":-0.07194557040929795,"y":0.8097308278083801,"z":-0.10159115493297577,"w":-0.5734449625015259},"size":14.784521102905274,"orthographic":false}