﻿{"cameraMode":{"drawMode":0,"name":"Shaded","section":"Shading Mode"},"sceneLighting":true,"audioPlay":false,"sceneViewState":{"showFog":true,"showMaterialUpdate":false,"showSkybox":true,"showFlares":true,"showImageEffects":true,"showParticleSystems":true},"in2DMode":false,"pivot":{"x":3.6206769943237306,"y":5.004558563232422,"z":-3.3798561096191408},"rotation":{"x":-0.005477940198034048,"y":0.9608113169670105,"z":-0.019036591053009034,"w":-0.276494562625885},"size":20.018051147460939,"orthographic":false}